{
  "oldParams": true,
  "wave_type": 0,
  "p_env_attack": 0,
  "p_env_sustain": 0.6171639561653137,
  "p_env_punch": 0.07727335393428802,
  "p_env_decay": 0.7709071636199951,
  "p_base_freq": 0.272317111492157,
  "p_freq_limit": 0,
  "p_freq_ramp": 0,
  "p_freq_dramp": 0,
  "p_vib_strength": 0,
  "p_vib_speed": 0,
  "p_arp_mod": -0.31619998812675476,
  "p_arp_speed": 0.8284335732460022,
  "p_duty": 0.9829848408699036,
  "p_duty_ramp": 0,
  "p_repeat_speed": 0,
  "p_pha_offset": 0,
  "p_pha_ramp": 0,
  "p_lpf_freq": 0.255,
  "p_lpf_ramp": -0.967,
  "p_lpf_resonance": 0.7392762899398804,
  "p_hpf_freq": 0.7439999580383301,
  "p_hpf_ramp": 0.3114575147628784,
  "sound_vol": 0.25,
  "sample_rate": 44100,
  "sample_size": 8
}
