{
    "oldParams": true,
    "wave_type": 2,
    "p_env_attack": 0,
    "p_env_sustain": 0.05711088329553604,
    "p_env_punch": 0.5197793245315552,
    "p_env_decay": 0.3259999752044678,
    "p_base_freq": 0.5969999432563782,
    "p_freq_limit": 0.48099997639656067,
    "p_freq_ramp": -0.004999999888241291,
    "p_freq_dramp": 0,
    "p_vib_strength": 0,
    "p_vib_speed": 0,
    "p_arp_mod": 0.4699999988079071,
    "p_arp_speed": 0.640999972820282,
    "p_duty": 0,
    "p_duty_ramp": 0,
    "p_repeat_speed": 0.2369999885559082,
    "p_pha_offset": 0,
    "p_pha_ramp": 0,
    "p_lpf_freq": 0.293,
    "p_lpf_ramp": -0.509,
    "p_lpf_resonance": 0.024,
    "p_hpf_freq": 0.682,
    "p_hpf_ramp": 0.079,
    "sound_vol": 0.228,
    "sample_rate": 44100,
    "sample_size": 16
}
